{"cameraMode":{"drawMode":0,"name":"Shaded","section":"Shading Mode"},"sceneLighting":true,"audioPlay":false,"sceneViewState":{"m_AlwaysRefresh":false,"showFog":true,"showSkybox":true,"showFlares":true,"showImageEffects":true,"showParticleSystems":true,"showVisualEffectGraphs":true,"m_FxEnabled":true},"in2DMode":false,"pivot":{"x":-22.518508911132814,"y":24.060375213623048,"z":-18.926162719726564},"rotation":{"x":0.07064871490001679,"y":0.5640577673912048,"z":-0.04851812869310379,"w":0.8212836980819702},"size":11.876936912536621,"orthographic":false}